id,email,phone,gender,full_name
2,ahanshawe1@businessinsider.com,94285168998,Male,Alwyn Hanshawe
3,rchessel2@slate.com,55859833105,Female,Ruperta Chessel
4,fdickenson3@vkontakte.ru,77234846884,Female,Fenelia Dickenson
5,dgilbeart4@stanford.edu,27286578911,Female,Devin Gilbeart
6,jionesco5@rediff.com,13395155680,Female,Jazmin Ionesco
7,pkenson6@csmonitor.com,82290175206,Female,Pier Kenson
8,wpunt7@yahoo.com,74545068320,Female,Wallis Punt
9,dellington8@weebly.com,61075101341,Female,Daisy Ellington
10,msuarez9@devhub.com,85883872960,Female,Mufi Suarez
11,rludlowa@virginia.edu,34844971335,Male,Robby Ludlow
12,btampionb@csmonitor.com,21789657749,Male,Boony Tampion
13,fbrownliec@biblegateway.com,75082766227,Polygender,Felizio Brownlie
14,imingerd@nih.gov,53913192504,Male,Ivor Minger
15,hbathe@prnewswire.com,20426581974,Male,Hoyt Bath
16,ijaxonf@a8.net,62683557025,Male,Isaac Jaxon
17,ktamsettg@digg.com,29987542904,Genderfluid,Karlik Tamsett
18,cleyshonh@geocities.jp,21315131913,Female,Camilla Leyshon
19,smastersi@fema.gov,85873963494,Male,Stephanus Masters
20,jbrawsonj@kickstarter.com,51378322536,Agender,Joye Brawson
21,vhandmorek@mozilla.org,55805325665,Male,Van Handmore
23,mbenittim@w3.org,67379133238,Male,Martie Benitti
24,rpageln@nps.gov,11636686827,Male,Ross Pagel
25,rleapo@hubpages.com,76909362523,Male,Rudiger Leap
28,dlariver@linkedin.com,50896038405,Female,Dona Larive
29,lhickinbottoms@list-manage.com,51662025802,Female,Leone Hickinbottom
30,hdobbsont@shutterfly.com,25597909234,Male,Humfrid Dobbson
31,scullinanu@epa.gov,79973561752,Female,Selene Cullinan
32,qyitshakv@mapquest.com,26467222368,Female,Quintilla Yitshak
33,sshellumw@aboutads.info,29833341322,Male,Sawyer Shellum
34,jbessellx@cam.ac.uk,16872501186,Bigender,Jackqueline Bessell
35,ateanbyy@wordpress.org,14118033869,Male,Alfy Teanby
38,wberthod11@netscape.com,62906398112,Female,Winne Berthod
39,amelly12@hugedomains.com,33035742120,Female,Adrianna Melly
40,lcubitt13@statcounter.com,72976524055,Male,Lorry Cubitt
41,ggiacobillo14@skyrock.com,68729383683,Male,Gibby Giacobillo
42,dgaskall15@scribd.com,39568070200,Female,Dalila Gaskall
43,lmillbank16@geocities.com,75713741945,Male,Linus Millbank
44,ssondland17@g.co,48924313354,Male,Solly Sondland
45,kdallas18@go.com,87734528719,Female,Kristin Dallas
46,claddle19@google.pl,24578726839,Male,Clerkclaude Laddle
47,bwhyatt1a@umn.edu,91205156454,Male,Brodie Whyatt
48,cscane1b@mozilla.com,52896452080,Male,Curcio Scane
49,scastles1c@so-net.ne.jp,85201336838,Male,Spenser Castles
50,eitzcovich1d@acquirethisname.com,20286176860,Female,Evvie Itzcovich
51,vstarsmeare1e@shop-pro.jp,42950514538,Genderfluid,Vincenz Starsmeare
52,ecargenven1f@youtu.be,38784770448,Female,Evanne Cargenven
53,bgogin1g@phoca.cz,89191516114,Male,Blane Gogin
54,gtench1h@free.fr,53709352780,Female,Georgianne Tench
58,hklicher1l@home.pl,34079908522,Female,Harmonie Klicher
59,kdron1m@salon.com,95589747171,Genderqueer,Keenan Dron
60,dkesby1n@odnoklassniki.ru,50984435475,Female,Dorisa Kesby
61,kdarbon1o@naver.com,76313919577,Female,Kara-lynn Darbon
62,dkondratovich1p@aol.com,66896830364,Female,Daisie Kondratovich
63,smarkwelley1q@xinhuanet.com,89933775289,Female,Sheryl Markwelley
64,vsearle1r@guardian.co.uk,60240070691,Female,Velvet Searle
66,shearst1t@friendfeed.com,16408092513,Male,Silvester Hearst
67,ubreedy1u@biglobe.ne.jp,78574057556,Male,Ulises Breedy
68,wperrott1v@adobe.com,17758001113,Male,Wallache Perrott
69,jmumford1w@economist.com,37291784034,Genderqueer,Jeniece Mumford
71,mkitchingman1y@homestead.com,76137399671,Male,Mischa Kitchingman
73,tdehoogh20@jigsy.com,36515685637,Female,Tiphany De Hoogh
75,jgelletly22@nydailynews.com,27933953568,Female,Jobi Gelletly
77,jdriffill24@timesonline.co.uk,65727931576,Female,Jocelin Driffill
78,cwilliamson25@plala.or.jp,89792880646,Female,Charmian Williamson
79,ltolworthy26@barnesandnoble.com,93338599369,Male,Lazaro Tolworthy
80,nguerreru27@bigcartel.com,82926708981,Female,Neila Guerreru
81,charmon28@usatoday.com,63429198653,Female,Cary Harmon
82,ugrinaway29@mlb.com,75063608533,Male,Ulrick Grinaway
85,cmagee2c@state.tx.us,35146449735,Female,Caye Magee
86,dbruntje2d@narod.ru,30832534911,Female,Dorolisa Bruntje
88,abuie2f@state.gov,89262436474,Agender,Angie Buie
91,iwhittle2i@mtv.com,10751563713,Male,Ingar Whittle
92,sfischer2j@google.com,71976036385,Female,Seana Fischer
93,tgarmston2k@japanpost.jp,71780994679,Female,Timmie Garmston
95,mstanfield2m@privacy.gov.au,20782344049,Female,Myra Stanfield
97,mpriditt2o@ameblo.jp,61797803039,Female,Maddy Priditt
98,nsaket2p@fotki.com,66245231048,Female,Nanci Saket
99,cgodon2q@wikipedia.org,61940894496,Male,Cleve Godon
101,eclifforth2s@amazonaws.com,37015066805,Male,Ezekiel Clifforth
102,dharrad2t@epa.gov,79566203476,Female,Doralia Harrad
103,goultram2u@ebay.com,37296747626,Female,Gavrielle Oultram
105,ljilliss2w@nsw.gov.au,31691572265,Female,Leanora Jilliss
106,sdeniskevich2x@wordpress.com,71871198789,Male,Selig Deniskevich
107,rwiersma2y@skyrock.com,56703868849,Female,Robinette Wiersma
109,fguerrero30@ucoz.ru,85876736981,Bigender,Forster Guerrero
110,srosewall31@mysql.com,85339500207,Male,Syd Rosewall
112,dpriddey33@istockphoto.com,70111622182,Female,Devina Priddey
113,glucy34@who.int,27054614570,Agender,Gladys Lucy
114,bmurra35@aboutads.info,92574443205,Female,Benoite Murra
115,celph36@unesco.org,59787961561,Male,Carver Elph
116,jmuncaster37@behance.net,99642836634,Female,Jenica Muncaster
117,jskitteral38@flavors.me,31104334749,Male,Justen Skitteral
118,sbrixey39@parallels.com,12950824647,Male,Sheppard Brixey
120,xgorgler3b@google.com.br,96667276355,Male,Xavier Gorgler
121,bhamner3c@auda.org.au,49253307042,Polygender,Bobbie Hamner
122,egambell3d@gizmodo.com,79612728642,Female,Evanne Gambell
124,mtabert3f@miitbeian.gov.cn,94017214571,Female,Maryanne Tabert
125,gleschelle3g@narod.ru,31012482427,Male,Granville Leschelle
126,ldewdney3h@privacy.gov.au,85533772627,Male,Lek Dewdney
127,jleatherland3i@rambler.ru,65965409872,Female,Janice Leatherland
128,dtopper3j@canalblog.com,98586515903,Male,Denys Topper
129,tfuncheon3k@sogou.com,12580179060,Male,Terrence Funcheon
130,khartness3l@myspace.com,22957740640,Male,Keven Hartness
131,dmirralls3m@indiegogo.com,49532656932,Female,Diandra Mirralls
132,ascarff3n@wp.com,86117871413,Female,Abigael Scarff
133,sclinkard3o@bandcamp.com,25721717514,Female,Seline Clinkard
134,sgorke3p@goo.gl,93687985878,Female,Sileas Gorke
136,bboodell3r@squidoo.com,99393380217,Female,Bamby Boodell
137,wkomorowski3s@usatoday.com,97107434416,Female,Winne Komorowski
138,jdanilov3t@fc2.com,12448101610,Female,Joana Danilov
139,jdunaway3u@answers.com,95695316029,Genderqueer,Johnathon Dunaway
143,iriedel3y@shinystat.com,43131855395,Polygender,Imelda Riedel
145,isalmons40@hubpages.com,19305815983,Male,Ira Salmons
146,dmcgeachy41@discovery.com,73778550369,Female,Dulciana McGeachy
147,ctyne42@mediafire.com,74678524789,Female,Cherida Tyne
148,fbackman43@ehow.com,19618634359,Male,Ford Backman
149,usummerhayes44@cpanel.net,96949477288,Male,Udall Summerhayes
150,lrudsdale45@g.co,10612336793,Male,Lydon Rudsdale
151,smelmeth46@thetimes.co.uk,45782630022,Male,Stanwood Melmeth
152,dbryce47@cbc.ca,54425589505,Female,Diana Bryce
153,qvittet48@shop-pro.jp,65037290207,Male,Quinn Vittet
154,kgerant49@blogs.com,23091116987,Male,Kalil Gerant
155,ccargon4a@google.ca,33430121887,Male,Corbet Cargon
156,rsowerbutts4b@japanpost.jp,33375826601,Female,Rowe Sowerbutts
157,vleroux4c@fotki.com,18385926381,Male,Vale Leroux
158,msahnow4d@techcrunch.com,89874140435,Female,Merrielle Sahnow
160,vwaldram4f@wikipedia.org,16691195847,Male,Vlad Waldram
161,blowrance4g@prnewswire.com,79949930288,Male,Brockie Lowrance
162,dhazeup4h@discovery.com,99686246622,Female,Deeanne Hazeup
165,fshovelton4k@youku.com,89199521541,Male,Flint Shovelton
166,tgeram4l@sourceforge.net,28669245577,Female,Tove Geram
168,jlote4n@marriott.com,96771314732,Female,Jenilee Lote
169,acullnean4o@google.es,32964033057,Male,Angel Cullnean
170,vniemiec4p@ameblo.jp,40965052902,Male,Vanya Niemiec
171,mfruish4q@friendfeed.com,23196380926,Male,Maurits Fruish
173,sneylan4s@about.me,43342963165,Female,Selina Neylan
174,ibothwell4t@forbes.com,74025854792,Male,Ingamar Bothwell
175,abriat4u@blog.com,45454694726,Non-binary,Alvan Briat
178,dgregoli4x@tamu.edu,29855928307,Male,Demetri Gregoli
179,bstanden4y@homestead.com,22059335990,Male,Bronny Standen
180,lwhysall4z@taobao.com,83459415706,Male,Leif Whysall
181,lbirdsall50@answers.com,18434390868,Male,Lynn Birdsall
182,gbilbery51@adobe.com,40452719779,Genderqueer,Glenine Bilbery
183,lelleton52@sfgate.com,76797054170,Female,Loralee Elleton
184,bceely53@goodreads.com,71778383319,Agender,Bar Ceely
186,esuarez55@tripadvisor.com,90241929347,Male,Egbert Suarez
187,csamme56@bbb.org,66634783595,Female,Cristabel Samme
188,wappleby57@nymag.com,25720146000,Male,Wade Appleby
189,ebrideoke58@unblog.fr,16080451182,Female,Elsy Brideoke
190,tsellek59@blogtalkradio.com,19148342934,Male,Timmy Sellek
192,dstillert5b@newyorker.com,78715418997,Male,Davy Stillert
193,mfurnival5c@who.int,90229015018,Male,Mikael Furnival
194,mkaysor5d@skyrock.com,12018876469,Female,Marji Kaysor
196,dvonhelmholtz5f@symantec.com,98300421726,Female,Ddene Von Helmholtz
198,mstark5h@eventbrite.com,13227716733,Female,Marylinda Stark
199,hcarrabot5i@si.edu,96377237392,Genderfluid,Hammad Carrabot
200,cundrell5j@dedecms.com,62684514156,Non-binary,Carrol Undrell
201,lkenworthey5k@alibaba.com,46894435916,Male,Lennard Kenworthey
202,wcrandon5l@delicious.com,77969415628,Male,Walther Crandon
203,npree5m@google.com.br,32304098693,Male,Natale Pree
205,manker5o@redcross.org,39956154132,Female,Madonna Anker
206,jforlong5p@miitbeian.gov.cn,39230756123,Female,Jeanna Forlong
208,ecalderbank5r@linkedin.com,71152212227,Male,Eric Calderbank
209,happle5s@ebay.co.uk,69367825583,Male,Herschel Apple
211,agoult5u@latimes.com,56462743930,Female,Angie Goult
212,mbenettini5v@scientificamerican.com,78040685509,Female,Madlen Benettini
213,lsaltman5w@creativecommons.org,84507229594,Male,Lefty Saltman
214,sbrisley5x@toplist.cz,45179903610,Female,Sayre Brisley
216,ckirman5z@irs.gov,87353027630,Male,Chrisse Kirman
218,abratcher61@webeden.co.uk,83243555280,Male,Avictor Bratcher
219,tgaylord62@java.com,80092745953,Male,Tremaine Gaylord
221,kkingdon64@uol.com.br,20580060599,Female,Kizzie Kingdon
222,bpogson65@admin.ch,20879511430,Female,Benedikta Pogson
223,lninnotti66@webs.com,70191879345,Female,Luise Ninnotti
224,ssaer67@hao123.com,56905274677,Agender,Saunders Saer
225,cdufaur68@princeton.edu,15144181031,Male,Clarke Dufaur
226,prae69@comcast.net,13180462444,Female,Pet Rae
228,vahearne6b@ca.gov,55659463011,Male,Vaclav Ahearne
230,sjirzik6d@studiopress.com,12762910128,Female,Sharlene Jirzik
231,aglacken6e@hostgator.com,17256834783,Female,Adriane Glacken
234,tcaban6h@mapy.cz,93109782232,Female,Tina Caban
238,dbeddingham6l@hubpages.com,29291688600,Female,Delia Beddingham
239,lpressland6m@timesonline.co.uk,88512529134,Female,Livia Pressland
240,rsandys6n@vimeo.com,97560008032,Male,Rudolfo Sandys
242,scraigheid6p@hhs.gov,14016978664,Male,Sterling Craigheid
243,hmalloy6q@blogs.com,77502799221,Male,Harlin Malloy
246,jbrunsen6t@bloomberg.com,46377052085,Female,Jemmie Brunsen
248,rroels6v@gizmodo.com,87600453902,Male,Reider Roels
249,dwoodland6w@paginegialle.it,23450726594,Female,Darbie Woodland
250,fvaskov6x@hibu.com,79359629612,Female,Florri Vaskov
251,jdibaudi6y@house.gov,18351918827,Female,Juanita Di Baudi
252,cbewly6z@paypal.com,58528874448,Female,Camille Bewly
254,ajenman71@imageshack.us,18095839648,Female,Averyl Jenman
256,jdemeyer73@moonfruit.com,12883912951,Agender,Jermayne De Meyer
257,dfennick74@ftc.gov,57026295661,Male,Dana Fennick
259,smcquaide76@cam.ac.uk,86705719917,Female,Selle McQuaide
260,etroy77@woothemes.com,29106578008,Male,Erny Troy
261,pglassman78@phpbb.com,78809229162,Female,Pearl Glassman
262,ndeetlof79@sakura.ne.jp,13819290206,Female,Neilla Deetlof
263,dmcaster7a@qq.com,41871370640,Female,Dehlia McAster
264,abenedick7b@europa.eu,87652218765,Polygender,Allyn Benedick
265,ehusselbee7c@soundcloud.com,36020674472,Male,Eugene Husselbee
266,hjagiello7d@toplist.cz,80273634758,Male,Herb Jagiello
267,csnaddin7e@fema.gov,59699863664,Female,Colene Snaddin
268,hwooderson7f@dailymail.co.uk,99166549796,Male,Hew Wooderson
269,cdurrett7g@amazon.co.jp,29757253379,Female,Cordelia Durrett
271,emawford7i@live.com,57290708503,Male,Eberto Mawford
272,jnobbs7j@unblog.fr,57081580827,Male,Jimmy Nobbs
275,mizhak7m@booking.com,66526828962,Female,Myrna Izhak
276,jdelacourt7n@etsy.com,22109861435,Female,Jennilee Delacourt
277,nhurley7o@vinaora.com,92498073544,Female,Norene Hurley
279,gfaunch7q@blog.com,19139041072,Agender,Glendon Faunch
280,ftort7r@xrea.com,41300704949,Male,Frasquito Tort
281,bzannolli7s@ucoz.ru,59144416415,Male,Boycie Zannolli
282,droberts7t@intel.com,83794929923,Male,Dunc Roberts
283,fforkan7u@hao123.com,69487342965,Male,Fredek Forkan
285,ltreske7w@house.gov,46925121939,Female,Luise Treske
286,obontine7x@zdnet.com,99848229572,Male,Oliver Bontine
287,ghuggett7y@furl.net,86213812827,Male,Griffith Huggett
290,ahess81@live.com,66888203859,Female,Ainslee Hess
291,vhatterslay82@theguardian.com,19374352450,Male,Von Hatterslay
293,rblain84@ted.com,91520527058,Female,Riane Blain
294,whamlyn85@blogger.com,63473871270,Male,Wash Hamlyn
295,ggavaghan86@sciencedaily.com,68944891587,Male,Gordy Gavaghan
296,egrouer87@cnbc.com,92158787072,Male,Eduard Grouer
297,hburdass88@amazon.co.jp,96730178865,Female,Henka Burdass
298,rperott89@4shared.com,81641327616,Female,Rebe Perott
299,gfiltness8a@europa.eu,87907548833,Female,Gracie Filtness
302,rzealy8d@elegantthemes.com,80492352835,Polygender,Riley Zealy
303,emiere8e@fda.gov,63679224783,Non-binary,Emelda Miere
304,mmowsdill8f@bbb.org,70072978579,Male,Morris Mowsdill
305,wtuckett8g@zdnet.com,19777244180,Male,Welsh Tuckett
306,hcoster8h@bbb.org,56341309949,Female,Hildagarde Coster
308,lcussins8j@studiopress.com,48678343476,Male,Lyle Cussins
309,tbone8k@cbc.ca,93922766694,Female,Tomi Bone
310,ddendle8l@addtoany.com,51498175184,Male,Damian Dendle
311,snaldrett8m@typepad.com,11595082602,Male,Sigfried Naldrett
312,rdarrow8n@howstuffworks.com,86578502860,Female,Reta Darrow
313,wnund8o@dmoz.org,59199140482,Female,Willy Nund
314,hdedei8p@tinypic.com,25328955376,Female,Harmonia De Dei
315,rwhetson8q@pen.io,73804667087,Genderfluid,Rosco Whetson
316,odunstall8r@theatlantic.com,22846711576,Male,Oswald Dunstall
317,bstrathern8s@mail.ru,33628056256,Agender,Boyd Strathern
318,bgornall8t@mozilla.org,17506449368,Agender,Benedicto Gornall
319,alarwood8u@google.com.hk,97832183855,Female,Agata Larwood
321,wragbourne8w@accuweather.com,26052110218,Male,Wait Ragbourne
322,gboutwell8x@cdbaby.com,98056773522,Female,Gladys Boutwell
323,dsowte8y@t-online.de,74582990085,Male,Darin Sowte
324,cortiga8z@zimbio.com,88790994560,Polygender,Cathy Ortiga
325,zfinlayson90@cnet.com,68319625663,Female,Zenia Finlayson
326,blambregts91@e-recht24.de,19979858096,Male,Baxy Lambregts
327,snapolitano92@twitter.com,48296306894,Male,Stanwood Napolitano
329,aogormally94@telegraph.co.uk,45463557659,Female,Andromache O'Gormally
331,fbalston96@usatoday.com,24857773409,Male,Ferdy Balston
333,bligoe98@360.cn,68836734704,Male,Brendin Ligoe
336,cspedroni9b@wunderground.com,77147670411,Female,Constancia Spedroni
338,fcryer9d@bigcartel.com,19823869468,Male,Francesco Cryer
339,rbernocchi9e@hud.gov,93991642367,Male,Robb Bernocchi
340,dferon9f@studiopress.com,79535846964,Female,Daisie Feron
342,wcaccavella9h@1und1.de,23662339736,Male,Weber Caccavella
343,modonohoe9i@globo.com,20882561873,Male,Marijn O' Donohoe
344,mcay9j@timesonline.co.uk,69110412786,Male,Mayor Cay
345,jallawy9k@shop-pro.jp,57972271401,Male,Jeffry Allawy
346,ljephcote9l@canalblog.com,49373471473,Female,Lyndell Jephcote
347,jcurtois9m@msu.edu,30737629461,Female,Janella Curtois
349,gpollock9o@cbsnews.com,61508517695,Male,Gherardo Pollock
350,cpirdy9p@usatoday.com,93617539688,Female,Charmaine Pirdy
351,rploughwright9q@google.com.br,23073590221,Female,Rodi Ploughwright
352,ythormwell9r@cyberchimps.com,76882987399,Male,Yard Thormwell
353,lwillman9s@newsvine.com,31697637814,Female,Linet Willman
354,mlinnard9t@elegantthemes.com,71113873454,Bigender,Micheline Linnard
355,glammerding9u@tiny.cc,57109292835,Female,Genevra Lammerding
356,mtruter9v@admin.ch,74746314907,Male,Mathe Truter
357,spopping9w@admin.ch,36583219265,Male,Sandor Popping
358,ayerlett9x@netscape.com,21897485369,Female,Anitra Yerlett
359,bwardell9y@opensource.org,27675661137,Female,Blisse Wardell
360,tcaley9z@trellian.com,75126697618,Female,Tisha Caley
361,jgilliana0@imageshack.us,46255164742,Female,Janith Gillian
362,jgirauxa1@homestead.com,76629059247,Male,Judah Giraux
363,nkenneaa2@youtu.be,55113602292,Male,Nicky Kennea
364,icollerda3@uol.com.br,19373327110,Male,Ignazio Collerd
365,ashamaa4@google.fr,73044991373,Female,Aaren Shama
366,ebangleya5@webnode.com,13704305775,Female,Emelina Bangley
368,ereiacha7@mashable.com,67031741800,Male,Ernestus Reiach
370,ikarsha9@wired.com,58382921554,Male,Immanuel Karsh
371,mwearingaa@google.ru,16482408363,Female,Merrie Wearing
372,ogableab@homestead.com,63779288442,Male,Olenolin Gable
373,sbaconac@opensource.org,63957456178,Female,Selinda Bacon
374,gjeandinad@digg.com,58303888332,Male,Gerry Jeandin
375,cgothrupae@icq.com,73642225986,Female,Constance Gothrup
376,jmelbertaf@reddit.com,23535252447,Male,Jase Melbert
377,abollenag@trellian.com,62559397026,Female,Amanda Bollen
378,fduferieah@globo.com,44176679424,Male,Felicio Duferie
379,tpowerai@sohu.com,48491301103,Male,Tore Power
380,opicottaj@indiatimes.com,48402016321,Polygender,Odey Picott
381,fleelak@vkontakte.ru,91440116921,Male,Fransisco Leel
382,cchalcroftal@flickr.com,14929522444,Male,Carolus Chalcroft
384,bmacanean@ehow.com,15462680087,Male,Brook MacAne
387,bloggieaq@nsw.gov.au,15651417763,Genderfluid,Berty Loggie
389,edoomanas@hibu.com,22216047330,Female,Emma Dooman
390,rtrosdallat@shinystat.com,42742674898,Female,Rafaela Trosdall
391,rmortimerau@storify.com,91475933536,Agender,Rachelle Mortimer
393,btroucheraw@weebly.com,92993882688,Agender,Baillie Troucher
395,efraneyay@freewebs.com,24347829160,Male,Enos Franey
397,mcamblinb0@aboutads.info,56130859213,Female,Malorie Camblin
398,rshipwayb1@mtv.com,33962747724,Male,Rodge Shipway
399,tcosinsb2@wp.com,29811827644,Female,Timmy Cosins
400,cmacfarlanb3@live.com,42161355507,Female,Cammie MacFarlan
402,mlilburneb5@hubpages.com,28115947296,Male,Manolo Lilburne
404,dtorryb7@seesaa.net,94672964069,Female,Dannie Torry
405,jrowstonb8@constantcontact.com,51486002028,Female,Jillene Rowston
406,jsmidmorb9@bluehost.com,87779437609,Female,June Smidmor
407,coldridgeba@psu.edu,38045529345,Female,Claudia Oldridge
408,okamienbb@blogtalkradio.com,44200941817,Bigender,Ody Kamien
409,hgilhouleybc@tripod.com,77635488647,Male,Ham Gilhouley
410,bbrandobd@bigcartel.com,27475357264,Male,Benjamin Brando
412,obartlomieczakbf@acquirethisname.com,47960650164,Male,Odey Bartlomieczak
413,tsevittbg@ow.ly,83767423346,Male,Torr Sevitt
414,jlemoirbh@businessinsider.com,31161164013,Female,Junette Lemoir
415,ephilsonbi@google.co.uk,12377944561,Female,Ertha Philson
416,wgoronibj@uiuc.edu,69283241093,Genderqueer,Winnah Goroni
421,njelfbo@businesswire.com,77089957102,Genderqueer,Nils Jelf
422,amckintoshbp@sogou.com,47373600666,Male,Ashby McKintosh
423,piannobq@hatena.ne.jp,86748751263,Male,Pincus Ianno
424,gspurierbr@google.com,30070849318,Male,Gaylord Spurier
425,dfairbs@ask.com,74265218922,Genderqueer,Deloris Fair
426,kchampebt@issuu.com,37221925205,Female,Kati Champe
427,zflewbu@liveinternet.ru,31566890030,Male,Zebedee Flew
429,ecastagnabw@house.gov,19261737050,Male,Evan Castagna
430,cwhytockbx@csmonitor.com,47213607939,Female,Clementine Whytock
431,tmeadleyby@angelfire.com,15988993833,Female,Taffy Meadley
432,ksifletbz@europa.eu,96569115103,Female,Karleen Siflet
434,mbeesleyc1@chron.com,22323743610,Female,Matilda Beesley
435,bmewc2@myspace.com,80590043070,Male,Bax Mew
436,phourahanc3@berkeley.edu,49593146362,Male,Parsifal Hourahan
438,sgiovanic5@moonfruit.com,16430053951,Male,Sheff Giovani
439,ebellhamc6@google.com.hk,44510779082,Male,Emery Bellham
440,ekeyesc7@chicagotribune.com,34008192619,Female,Erika Keyes
441,lheinelc8@oaic.gov.au,20998329238,Female,Leshia Heinel
442,ikirlinc9@bandcamp.com,41504793973,Female,Ivory Kirlin
444,sgrinaughcb@so-net.ne.jp,61218535992,Female,Stephine Grinaugh
445,kmowsdalecc@amazon.de,10439119926,Bigender,Kerri Mowsdale
446,tdimockcd@narod.ru,33976803747,Male,Theobald Dimock
447,wmundiece@discovery.com,35986302183,Male,Wells Mundie
448,mmaclurecf@wikimedia.org,78400861731,Non-binary,Marybeth MacLure
452,choodlasscj@bbb.org,98936997871,Male,Cleavland Hoodlass
453,dmockesck@weather.com,44700398379,Genderfluid,Diego Mockes
454,aaugustecl@hp.com,11648087351,Male,Arther Auguste
456,stammadgecn@tinyurl.com,18493969464,Female,Suzi Tammadge
459,lfursecq@epa.gov,14551535465,Female,Luz Furse
460,dduberycr@woothemes.com,89707474020,Female,Drusilla Dubery
461,ejeannincs@wunderground.com,88199873233,Male,Ebenezer Jeannin
462,rgarroldct@wsj.com,62820736407,Male,Ransell Garrold
463,nhaycraftcu@google.nl,80058392318,Female,Nelle Haycraft
464,dferrarincv@imdb.com,10717795700,Female,Dalia Ferrarin
465,tgorrycw@soup.io,17511926807,Male,Thorin Gorry
466,jdowerscx@gmpg.org,71169761073,Female,Jo-anne Dowers
467,ssepeycy@artisteer.com,45935126331,Male,Sigismund Sepey
468,wwestoffcz@surveymonkey.com,48406769516,Female,Wrennie Westoff
469,ekantord0@barnesandnoble.com,43716674289,Female,Eleanora Kantor
470,bfilimored1@answers.com,69493483547,Female,Bidget Filimore
472,gcavillad3@goo.ne.jp,57719625273,Polygender,Gabriela Cavilla
475,pgherardellid6@squidoo.com,91439664796,Female,Philis Gherardelli
476,aconeyd7@e-recht24.de,10191011018,Male,Aguste Coney
477,anewsteadd8@foxnews.com,96822797373,Female,Alicea Newstead
478,gmerralld9@springer.com,29586540432,Female,Gwenette Merrall
479,agourlayda@bizjournals.com,50546799987,Male,Alva Gourlay
481,mlockiedc@wired.com,52950675606,Female,Marthena Lockie
482,mgladdishdd@simplemachines.org,90363306950,Male,Mattias Gladdish
483,ahavilede@microsoft.com,42749123270,Female,Amelina Havile
485,hdurdandg@discuz.net,37544567359,Male,Hymie Durdan
486,ndreverdh@xinhuanet.com,98752600320,Male,Noland Drever
487,iskiltondi@globo.com,93931909251,Genderfluid,Immanuel Skilton
488,aboxdj@cafepress.com,65870353298,Genderfluid,Ambrosio Box
489,wgilesdk@merriam-webster.com,11434207725,Genderfluid,Wallie Giles
490,nlangshawdl@un.org,32762430270,Male,Nichols Langshaw
491,khaldondm@wp.com,73226091005,Female,Kizzie Haldon
492,nbucktharpdn@tamu.edu,40606868894,Male,Nat Bucktharp
493,ktolemachedo@uol.com.br,96841481722,Female,Kalie Tolemache
494,eshewringdp@spotify.com,95718939818,Male,Elmore Shewring
495,rfazackerleydq@t.co,12971695222,Male,Roderigo Fazackerley
496,shallattdr@latimes.com,76258758837,Male,Si Hallatt
497,acicculinids@forbes.com,35169815711,Male,Allyn Cicculini
498,bwooffdt@youtu.be,76559581301,Male,Bron Wooff
499,ktuffelldu@delicious.com,24242868644,Male,Kipper Tuffell
500,fsparksdv@wp.com,99859211037,Female,Fidelity Sparks
501,mroseburghdw@mapy.cz,22312548803,Genderqueer,Marielle Roseburgh
502,jsylettdx@java.com,95326283520,Female,Joela Sylett
503,hcejkady@nydailynews.com,54013937466,Female,Hendrika Cejka
504,ehellyerdz@elpais.com,96651927716,Male,Earl Hellyer
505,dcotgravee0@seattletimes.com,37383943448,Male,Dominick Cotgrave
506,tlynette1@weebly.com,95204401647,Genderfluid,Tarrah Lynett
507,gdenidgee2@imdb.com,23791818542,Male,Graeme Denidge
508,rhalewoode3@howstuffworks.com,75751478317,Bigender,Rosalynd Halewood
509,mbeiderbeckee4@miitbeian.gov.cn,85307645936,Male,Marlow Beiderbecke
510,eboskelle5@illinois.edu,33113212040,Non-binary,Elianora Boskell
511,gleveritte6@irs.gov,14450004054,Male,Gerardo Leveritt
513,hzanree8@flickr.com,93397511291,Male,Haleigh Zanre
515,cfullertonea@timesonline.co.uk,20750870216,Male,Claus Fullerton
516,atoftseb@theatlantic.com,18239788636,Male,Alvan Tofts
517,ggraineec@wikia.com,17617707886,Bigender,Guinevere Graine
519,bgildingee@addthis.com,85255939742,Female,Berenice Gilding
520,sneumannef@hexun.com,93570349783,Male,Sayre Neumann
521,sdumphreyseg@godaddy.com,90676732544,Male,Spike Dumphreys
522,tholaheh@bbb.org,75436532378,Female,Tierney Holah
523,mcrostonei@clickbank.net,72795432423,Female,Marigold Croston
524,hcullabineej@deviantart.com,63671995429,Male,Hamlen Cullabine
525,bplumbek@topsy.com,37661643683,Male,Bruno Plumb
526,shercheel@weather.com,98261280547,Genderqueer,Stacia Herche
527,drudramem@admin.ch,33028828696,Female,Donnie Rudram
528,melsdonen@chicagotribune.com,85127171648,Female,Mina Elsdon
529,kdeortegaeo@merriam-webster.com,63435777141,Male,Kristofor De Ortega
530,lglossopep@cnet.com,98961341025,Female,Laura Glossop
531,ksentereq@indiegogo.com,58766662073,Female,Kristin Senter
533,tstlegeres@sun.com,45676364301,Male,Tobin St Leger
535,bbarleyeu@ow.ly,87678199046,Female,Bel Barley
537,pkleinbererew@google.nl,55742469475,Female,Piper Kleinberer
538,hconneauex@devhub.com,67133366470,Male,Hersh Conneau
539,gkezarey@netlog.com,76927784065,Bigender,Gustav Kezar
540,slicenceez@taobao.com,34542861620,Male,Stanfield Licence
541,cmatejf0@newyorker.com,98428519393,Male,Chick Matej
542,dallderf1@privacy.gov.au,13106857903,Male,Derk Allder
543,lyouseff2@amazon.co.uk,68682677150,Female,Loree Yousef
544,esnaithf3@scientificamerican.com,71937472037,Female,Eustacia Snaith
545,clidstonef4@cloudflare.com,56976396580,Male,Clay Lidstone
546,pbeldenf5@friendfeed.com,75881313099,Male,Prince Belden
547,cfancottf6@si.edu,38850487722,Male,Cordie Fancott
548,chamlinf7@moonfruit.com,87663681898,Male,Chad Hamlin
549,rnottf8@census.gov,79944319115,Female,Rona Nott
550,mhavickf9@google.ru,21085681019,Agender,Malcolm Havick
551,bblomfieldfa@cargocollective.com,32531791966,Male,Bale Blomfield
552,btwaitsfb@livejournal.com,22211793946,Male,Berk Twaits
553,vgraftonfc@alibaba.com,82468466562,Female,Vevay Grafton
555,mpraundlinfe@gizmodo.com,96797104711,Male,Matthus Praundlin
556,cmolfinoff@whitehouse.gov,42521006191,Female,Celestia Molfino
557,dummfreyfg@hexun.com,37420356707,Female,Doreen Ummfrey
558,rcastrofh@t.co,60995375451,Non-binary,Rod Castro
559,fblesingfi@thetimes.co.uk,42511120134,Male,Fonz Blesing
562,gsoallfl@tinyurl.com,75731143585,Male,Gunner Soall
563,anestorukfm@businesswire.com,39173413001,Female,Anetta Nestoruk
564,eashfn@patch.com,64532555232,Female,Ethyl Ash
565,tohannenfo@admin.ch,55195791090,Female,Traci O'Hannen
566,ssummersonfp@amazonaws.com,58101699696,Female,Sharla Summerson
567,sbascombfq@springer.com,56208784974,Female,Serena Bascomb
568,bpennicardfr@paypal.com,53952271579,Male,Bail Pennicard
569,erestorickfs@e-recht24.de,30286672489,Female,Edie Restorick
570,dmcmeylerft@a8.net,88634217277,Bigender,Diahann McMeyler
571,jchudleighfu@4shared.com,26721478381,Female,Jerry Chudleigh
572,bcreeberfv@narod.ru,76652703013,Male,Baudoin Creeber
574,gpeachfx@freewebs.com,97161007692,Male,Guntar Peach
575,ehuggenfy@ucoz.com,84342727515,Female,Elonore Huggen
577,kphilbrookg0@miibeian.gov.cn,12946582440,Male,Kippy Philbrook
578,cwallisg1@bigcartel.com,30446616010,Male,Cyrus Wallis
579,jboddg2@usnews.com,29228293087,Female,Joellyn Bodd
581,tcoppensg4@yellowpages.com,82359855189,Female,Torey Coppens
582,aspriging5@nsw.gov.au,31597654405,Female,Ava Sprigin
584,ogaggeng7@example.com,18016036699,Male,Olav Gaggen
585,ldatong8@comsenz.com,41201867101,Male,Lester Daton
586,esadgroveg9@harvard.edu,29751171636,Male,Esme Sadgrove
587,ghearstga@people.com.cn,82821052864,Male,Gerhardt Hearst
588,sassadgb@webs.com,51095273524,Male,Stu Assad
589,tmirrleesgc@artisteer.com,63189658723,Male,Tobe Mirrlees
590,scrossleygd@shutterfly.com,87281233948,Male,Shayne Crossley
591,jwilcege@ed.gov,75565788143,Male,Joshia Wilce
592,fgadmangf@forbes.com,82734392102,Male,Freedman Gadman
593,asomersetgg@rakuten.co.jp,48702220567,Male,Ashlin Somerset
594,sjorckgh@google.com.hk,48577532135,Male,Sherwin Jorck
595,mgilegi@about.me,67293850335,Male,Markos Gile
596,ddominicaccigj@arizona.edu,23875850938,Male,Douglass Dominicacci
597,lphilpgk@loc.gov,30700251550,Female,Lea Philp
598,dianiellogl@upenn.edu,53475503265,Male,Dimitri Ianiello
599,bquadriogm@ebay.com,40323191818,Female,Berenice Quadrio
600,owaldiegn@cmu.edu,27462997646,Female,Oralie Waldie
601,oocannango@mlb.com,71526908241,Polygender,Odell O'Cannan
602,tdalstongp@ow.ly,98387372433,Male,Temp Dalston
604,gviolletgr@sourceforge.net,92766989112,Male,Goddard Viollet
605,aclareygs@cam.ac.uk,75020401484,Female,Alisun Clarey
607,gpetytgu@ovh.net,68254831481,Male,Giorgi Petyt
608,rroozegv@nifty.com,91710354790,Male,Reagen Rooze
609,ddearlgw@ca.gov,64463868030,Male,Dominik Dearl
610,kpondjonesgx@cbc.ca,91972680589,Female,Kali Pond-Jones
611,awoolagergy@opera.com,65181143220,Female,Arabele Woolager
612,swarrendergz@independent.co.uk,41283872807,Male,Sherlocke Warrender
613,kkaremanh0@youku.com,33912802307,Male,Kim Kareman
614,bolechh1@unicef.org,97770946364,Male,Bartolemo Olech
615,lradolfh2@meetup.com,82114558175,Female,Lilly Radolf
619,hgreedyh6@desdev.cn,75350532886,Female,Hulda Greedy
620,hsantarellih7@liveinternet.ru,92951881670,Female,Hannah Santarelli
621,rblandenh8@vinaora.com,58647177431,Male,Rudyard Blanden
622,rradmerh9@constantcontact.com,28903422074,Male,Randy Radmer
623,jdahlbackha@baidu.com,70253970423,Male,Jethro Dahlback
624,tguilberthb@mtv.com,97222557438,Female,Tobye Guilbert
626,hwigelsworthhd@vk.com,55138731646,Male,Hadlee Wigelsworth
627,glevishe@google.fr,41168040786,Female,Gretel Levis
628,kboydehf@nps.gov,55979932969,Genderfluid,Kristopher Boyde
629,bmacneelyhg@4shared.com,62800208131,Female,Bill MacNeely
630,gjovishh@topsy.com,16960475750,Bigender,Goldi Jovis
631,ahightonhi@gravatar.com,73025272137,Male,Alexio Highton
633,bhadcockhk@topsy.com,56481684822,Female,Bennie Hadcock
634,rloddenhl@comsenz.com,28637597713,Male,Renaldo Lodden
636,rdevillehn@deviantart.com,82716278828,Male,Richardo Deville
637,tlippittho@stumbleupon.com,85765888553,Male,Towney Lippitt
638,adrinanhp@admin.ch,93807304798,Male,August Drinan
640,pbollonhr@boston.com,40156007027,Male,Peterus Bollon
641,doveyhs@freewebs.com,90980521377,Female,Devora Ovey
642,lpanichelliht@elpais.com,72047129850,Female,Lonna Panichelli
643,iwacketthu@nytimes.com,16628885907,Male,Inness Wackett
644,jiskovhv@nytimes.com,81545612048,Female,Julietta Iskov
645,scollarhw@shop-pro.jp,41643188627,Male,Samson Collar
646,jlamploughhx@springer.com,57861750609,Male,Jasun Lamplough
648,dlehrhz@sina.com.cn,68122373373,Female,Deva Lehr
652,bginglelli3@hibu.com,47090152768,Male,Brewster Ginglell
653,esmallsi4@tripadvisor.com,90284276677,Male,Elijah Smalls
654,nkeei5@weather.com,60876946519,Male,Nealson Kee
655,ssimenoti6@sbwire.com,37095745975,Male,Sergeant Simenot
656,wwileyi7@drupal.org,53322106414,Male,Woody Wiley
657,fbessi8@moonfruit.com,80915017351,Male,Flemming Bess
658,jleamani9@phoca.cz,58924191259,Male,Jerrie Leaman
659,cscreachia@smugmug.com,60876925425,Male,Chrissie Screach
660,swehdenib@mashable.com,63382719798,Male,Selig Wehden
661,cpayleic@jiathis.com,92808997367,Male,Cece Payle
662,pcastilljoid@icio.us,87086412901,Female,Patti Castilljo
663,urobbinsie@moonfruit.com,14569849958,Female,Ursulina Robbins
664,bfleisif@oaic.gov.au,96873983605,Female,Babs Fleis
665,kbridgeig@foxnews.com,86879233849,Female,Keslie Bridge
666,ntomanekih@cam.ac.uk,34095630156,Male,Norton Tomanek
667,acornickii@i2i.jp,22755162120,Female,Antonella Cornick
668,rbausmannij@apple.com,78327932805,Male,Ripley Bausmann
669,amalamik@jigsy.com,67860520987,Genderqueer,Aurelia Malam
670,emerrikinil@furl.net,71746492886,Female,Emalee Merrikin
671,cmoyesim@nyu.edu,64277248109,Male,Clarance Moyes
672,kfouldsin@wikispaces.com,77602231153,Female,Karine Foulds
673,tschallio@amazon.com,49845292483,Female,Tally Schall
675,tlempeliq@google.nl,85226416685,Male,Templeton Lempel
677,bbrafertonis@nba.com,17912395082,Male,Beauregard Braferton
678,ghowdenit@blogs.com,37868780604,Male,Garrard Howden
679,laherneiu@edublogs.org,54645253381,Male,Lew Aherne
680,ctomaszczykiv@cisco.com,43845210083,Male,Clerkclaude Tomaszczyk
681,croyliw@arstechnica.com,46742794895,Female,Constanta Royl
682,bflavertyix@cdc.gov,53781288346,Male,Burr Flaverty
683,lperelloiy@myspace.com,12367338560,Female,Lillian Perello
685,cworsfoldj0@example.com,52450000994,Female,Chrissie Worsfold
686,lclappisonj1@yahoo.co.jp,76620763212,Male,Leonidas Clappison
687,etimmsj2@51.la,99508260582,Male,Eugene Timms
688,djeannetj3@java.com,68299161339,Male,Donnie Jeannet
689,bdregerj4@youku.com,33194400316,Male,Boony Dreger
691,cmccereryj6@cbc.ca,63497550278,Male,Courtney McCerery
692,amcnicolj7@virginia.edu,59980642076,Genderqueer,Adara McNicol
693,mdeferrarij8@moonfruit.com,94655212793,Female,Muffin De Ferrari
694,krambadtj9@msn.com,15375184517,Male,Kane Rambadt
695,lonraetja@deviantart.com,17976758649,Female,Loutitia Onraet
696,mcollymorejb@princeton.edu,58218437810,Male,Mischa Collymore
698,snutbrownjd@mozilla.com,93394085369,Male,Sheppard Nutbrown
699,kdodsworthje@smh.com.au,74949656758,Female,Kissee Dodsworth
700,cgerrietsjf@tmall.com,74511789840,Female,Coleen Gerriets
701,jseamenjg@vinaora.com,85615950544,Female,Judith Seamen
702,rmowatjh@epa.gov,94300418883,Male,Renard Mowat
703,acoplandji@scribd.com,54031017835,Female,Anabella Copland
707,gsammsjm@senate.gov,15596997087,Male,Giraud Samms
708,adanbyjn@parallels.com,25816118122,Female,Anatola Danby
709,nsiebertjo@sphinn.com,76903716277,Male,Norry Siebert
711,jghidettijq@newsvine.com,88193299007,Male,Jarret Ghidetti
712,achoudhuryjr@multiply.com,19317801251,Male,Aymer Choudhury
713,tbiddulphjs@godaddy.com,33345579484,Female,Tallulah Biddulph
714,ekmentjt@twitpic.com,94934966691,Male,Enoch Kment
715,mgrishukhinju@gmpg.org,62437304166,Female,Melanie Grishukhin
717,rhusbyjw@unc.edu,57768666751,Male,Ripley Husby
719,rgallihaulkjy@princeton.edu,39157870474,Female,Rebekah Gallihaulk
720,cmccormackjz@google.co.jp,95887680324,Male,Clarence McCormack
721,frentenbeckk0@nytimes.com,23751181069,Female,Fenelia Rentenbeck
722,glevek1@pcworld.com,47789986216,Female,Gilbertine Leve
723,nriddallk2@abc.net.au,53149078638,Male,Nester Riddall
726,lshillingfordk5@drupal.org,52551479521,Polygender,Lion Shillingford
728,fhorningk7@wsj.com,96085671802,Male,Feliks Horning
729,astandishk8@google.pl,92174808873,Male,Aylmer Standish
731,mmanifouldka@cornell.edu,20736898698,Male,Man Manifould
732,bbudgetkb@jalbum.net,29914303279,Female,Brigid Budget
733,ebleimankc@hostgator.com,24326232999,Male,Elwin Bleiman
734,femmertkd@woothemes.com,35496003314,Female,Fredi Emmert
736,fgraffinkf@google.it,15074168527,Male,Fritz Graffin
740,rpeartkj@desdev.cn,39576948243,Male,Renado Peart
741,ktwiddellkk@tripod.com,42900158530,Genderqueer,Karalee Twiddell
742,koneligankl@dell.com,88712244414,Female,Kassie O' Neligan
743,sobeekm@pagesperso-orange.fr,39319421628,Male,Sanderson O' Bee
744,kmatzkekn@printfriendly.com,11755279523,Female,Karlee Matzke
745,rkingsko@tripadvisor.com,69969402292,Non-binary,Robinson Kings
747,kattenburrowkq@phpbb.com,53157323805,Female,Kalila Attenburrow
748,ddeanskr@upenn.edu,98735178949,Male,Dane Deans
749,rdonsonks@lycos.com,47578871924,Male,Rowen Donson
750,mkernkt@archive.org,46133114810,Female,Manda Kern
752,mpostenkv@so-net.ne.jp,47062723555,Female,Melinde Posten
753,dronaldkw@deliciousdays.com,87011503531,Female,De Ronald
754,ctessierkx@usgs.gov,12139884033,Male,Colver Tessier
755,atownsendky@usnews.com,51239610055,Male,Alyosha Townsend
758,srosedalel1@soundcloud.com,31025361011,Female,Susannah Rosedale
759,mbossell2@360.cn,66716940752,Male,Mead Bossel
760,jmissingtonl3@addthis.com,37015448436,Male,Jamill Missington
761,lhradskyl4@cbc.ca,78748540905,Polygender,Lutero Hradsky
762,prickardl5@imdb.com,14099441430,Genderfluid,Paquito Rickard
763,mlaugharnel6@sogou.com,46781746692,Male,Mord Laugharne
764,wscollickl7@epa.gov,72472068038,Male,Webb Scollick
765,ibroadleyl8@wikimedia.org,75399411347,Polygender,Ingeberg Broadley
766,fbartolomivisl9@cafepress.com,85297548106,Female,Farand Bartolomivis
767,jbrockingla@columbia.edu,92080923915,Male,Jarrad Brocking
768,kpahllb@sfgate.com,75996063827,Female,Katine Pahl
769,gmcnuttlc@gravatar.com,33860516680,Male,Giovanni McNutt
770,vgerritld@360.cn,28023990439,Female,Vinnie Gerrit
771,gpostancele@parallels.com,88901265043,Male,Gauthier Postance
772,ybrennandlf@xinhuanet.com,89510992224,Female,Yovonnda Brennand
773,vhedgeleylg@google.com.br,28211661925,Male,Vladamir Hedgeley
774,blanhamlh@fda.gov,95143702309,Male,Barnie Lanham
775,lplanli@dot.gov,26505888011,Male,Lodovico Plan
776,mblylj@discovery.com,39285469222,Female,Mirelle Bly
777,csadlerlk@mapy.cz,63538559006,Genderfluid,Cristobal Sadler
778,adrinkalell@constantcontact.com,56927434102,Male,Any Drinkale
779,gpeyrolm@apache.org,77014737839,Male,Gordon Peyro
782,swaistelllp@amazonaws.com,76280962022,Male,Stephen Waistell
784,pskogginslr@ihg.com,75460105034,Male,Prentice Skoggins
785,beakels@meetup.com,68890896902,Female,Bobbe Eake
786,iairdslt@princeton.edu,10013639430,Female,Isis Airds
787,abaughamlu@vistaprint.com,19621091577,Polygender,Ailsun Baugham
789,yclackerslw@xinhuanet.com,59384772786,Male,Yorgos Clackers
791,jcraykly@sina.com.cn,40760211545,Female,Joelie Crayk
793,lkytleym0@bizjournals.com,38168641601,Female,Lisetta Kytley
794,abuistm1@alibaba.com,47522201876,Male,Arturo Buist
796,jbuckleighm3@google.de,64018222634,Female,Jaquelyn Buckleigh
799,igittingsm6@dropbox.com,10144112932,Female,Isa Gittings
800,bgumeym7@purevolume.com,44247094219,Female,Berri Gumey
801,salejom8@facebook.com,38820262227,Female,Sonni Alejo
802,vmityushinm9@usda.gov,72340170471,Female,Viola Mityushin
803,mboldenma@home.pl,47625890643,Male,Morton Bolden
804,gocorranemb@topsy.com,65049001753,Female,Gussy O'Corrane
805,cmccreathmc@google.it,48444245645,Female,Cathryn McCreath
806,jhutchinmd@shareasale.com,43132979331,Female,Juliette Hutchin
807,bnaiseyme@bravesites.com,94595775218,Female,Babs Naisey
808,gbattamsmf@squarespace.com,84381597261,Male,Gage Battams
809,fbrunomg@dagondesign.com,72291313938,Male,Frederico Bruno
811,tnuzztimi@godaddy.com,74694995972,Female,Tabatha Nuzzti
813,cplumermk@google.co.uk,16940142003,Male,Christophe Plumer
814,ldillingstonml@bbc.co.uk,42174827622,Female,Laural Dillingston
815,cmayermm@marriott.com,29919419506,Polygender,Curt Mayer
816,clettmn@usnews.com,81287212627,Genderfluid,Collin Lett
817,wstruttonmo@prweb.com,79010791872,Male,Will Strutton
818,tbohlingmp@wikispaces.com,37648626578,Female,Tim Bohling
819,ttrewhelamq@howstuffworks.com,17085365618,Female,Theo Trewhela
820,mtrainormr@myspace.com,23150565389,Female,Marcille Trainor
821,tmargrettms@163.com,34549740968,Female,Teresa Margrett
822,fiacoviellimt@e-recht24.de,26594079443,Genderfluid,Fran Iacovielli
823,jsemeredmu@ezinearticles.com,10625811466,Male,Jack Semered
825,fstephensmw@toplist.cz,80362246565,Male,Finley Stephens
826,fandrolettimx@artisteer.com,81724916208,Female,Fred Androletti
827,tcarlsenmy@sakura.ne.jp,62427234730,Male,Tomkin Carlsen
829,orenakn0@opensource.org,35357637576,Male,Osmond Renak
830,njakawayn1@goo.ne.jp,52663707920,Male,Normy Jakaway
832,msemkinsn3@acquirethisname.com,47489035498,Male,Mohandis Semkins
835,klewingtonn6@etsy.com,79276929761,Female,Kamila Lewington
836,ajanuszn7@bloglines.com,41133914950,Female,Alyss Janusz
837,bmoorsn8@merriam-webster.com,68304936006,Female,Bill Moors
838,glamartinen9@freewebs.com,77795524220,Female,Georgeanna Lamartine
841,mquakleync@qq.com,44634127346,Non-binary,Marty Quakley
842,cbrozeknd@ibm.com,54729962956,Male,Cammy Brozek
844,lsetchellnf@marketwatch.com,50611304491,Male,Laurie Setchell
846,rmillichapnh@comcast.net,73016261756,Female,Randene Millichap
848,scotesnj@merriam-webster.com,74104301079,Female,Storm Cotes
849,emcfadzeannk@163.com,20970740263,Female,Emylee McFadzean
852,aurlingnn@vk.com,67787610765,Female,Andeee Urling
853,cdentonno@google.ru,75279061941,Female,Cassondra Denton
854,cclarenp@ow.ly,99022129107,Female,Chlo Clare
855,inicenq@cdbaby.com,46499025776,Genderqueer,Inesita Nice
856,sstellnr@fda.gov,78944246825,Female,Stormie Stell
857,fbundeyns@alexa.com,60950537366,Female,Farrand Bundey
858,gbeddinghamnt@drupal.org,19477439219,Male,Giraud Beddingham
859,edebrettnu@si.edu,15659250092,Male,Elbert De Brett
860,nplacstonenv@huffingtonpost.com,70724674500,Female,Nicoli Placstone
861,epaddlenw@ning.com,71203428909,Female,Ethelyn Paddle
862,sswanboroughnx@europa.eu,56616454891,Male,Salvidor Swanborough
863,gfromentny@un.org,75291301507,Male,Galvin Froment
864,wohederscollnz@chicagotribune.com,38865054059,Male,Wendell O'Hederscoll
866,mgarbero1@mac.com,78698305694,Genderqueer,Marion Garber
867,mrubroeo2@google.cn,67213901561,Female,Marion Rubroe
868,pgowerso3@quantcast.com,96049493499,Female,Patrice Gowers
869,iheadecho4@phpbb.com,43660584828,Male,Iorgos Headech
870,lfirpoo5@unesco.org,13400596514,Male,Llewellyn Firpo
871,hhayhursto6@chronoengine.com,79109691957,Male,Hymie Hayhurst
873,gbrasseo8@drupal.org,47635320509,Male,Gerhard Brasse
874,arosterneo9@theguardian.com,83579341971,Male,Adler Rosterne
875,gtimblettoa@github.com,85634423382,Male,Granger Timblett
876,acasoniob@qq.com,28298050002,Male,Ashlin Casoni
877,cshenleyoc@smh.com.au,58797497724,Male,Cori Shenley
878,plandallod@usnews.com,96912735589,Agender,Pacorro Landall
879,ejackesoe@blogger.com,73309371899,Male,Emmit Jackes
881,bwehnerrog@columbia.edu,88072974891,Male,Bailey Wehnerr
883,mweepersoi@gravatar.com,86931619846,Female,Marlena Weepers
884,mgrosieroj@blogtalkradio.com,21104038223,Male,Martie Grosier
885,btidboldok@engadget.com,55239794633,Female,Bernete Tidbold
886,aconradol@vimeo.com,82203542453,Female,Andriana Conrad
887,clarcierom@twitter.com,21574375498,Male,Cesare Larcier
888,kkoubekon@tumblr.com,38048705554,Male,Kile Koubek
889,fcusworthoo@devhub.com,47252021253,Female,Frieda Cusworth
890,pfaradyop@fda.gov,56685963773,Male,Phillip Farady
891,oloheringoq@dell.com,46705855657,Male,Omero Lohering
893,lcominolios@goodreads.com,62207188778,Female,Lacie Cominoli
895,cpophamou@goo.ne.jp,12556019990,Female,Corliss Popham
896,bfydoeov@fastcompany.com,63312444193,Male,Barnabe Fydoe
897,roneillow@live.com,50217400677,Female,Raphaela Oneill
898,mgirardettiox@craigslist.org,13991077158,Female,Melesa Girardetti
899,hmcgillivrayoy@columbia.edu,60778882808,Female,Holly-anne McGillivray
901,dboydap0@arizona.edu,90529966833,Female,Darcey Boyda
902,adudhillp1@google.pl,19533553123,Female,Ardys Dudhill
903,ebressonp2@canalblog.com,58255970964,Female,Elayne Bresson
904,mantonsenp3@un.org,83375436552,Non-binary,Maxy Antonsen
905,jcaffertyp4@google.ca,73246299381,Male,Jarvis Cafferty
906,rephgravep5@newsvine.com,71666164841,Female,Rakel Ephgrave
907,rbiddulphp6@plala.or.jp,40111304046,Female,Rosanna Biddulph
909,jrickfordp8@comsenz.com,78968962660,Female,Jennifer Rickford
910,ablountp9@goo.gl,78391072032,Female,Amy Blount
911,sbamfordpa@nyu.edu,51987791801,Male,Stillmann Bamford
913,hchristypc@amazon.de,93402192940,Female,Hyacinthia Christy
914,wnewvellpd@harvard.edu,25388757236,Male,Wallas Newvell
915,zdoigpe@bloglines.com,10995014358,Male,Zollie Doig
917,bstratleypg@berkeley.edu,26829372281,Male,Barty Stratley
918,gramptonph@typepad.com,81108349760,Male,Gaile Rampton
919,bcoullingpi@smh.com.au,66450024832,Polygender,Barry Coulling
920,afawlkespj@home.pl,36074281628,Female,Amitie Fawlkes
921,uconstantinepk@typepad.com,58431737677,Male,Ulick Constantine
923,cguilloneaupm@ustream.tv,70694571296,Female,Caritta Guilloneau
924,droizinpn@vkontakte.ru,19064688153,Female,Dorris Roizin
925,ikovalskipo@washington.edu,15159675949,Male,Ignazio Kovalski
926,vroutleypp@state.gov,36969115702,Male,Vittorio Routley
927,mfortunepq@state.tx.us,93403384420,Female,Mona Fortune
928,oaitkenpr@prnewswire.com,58104551797,Male,Orazio Aitken
930,jcovellept@patch.com,70283116921,Female,Jourdan Covelle
931,lcarvellpu@tiny.cc,59048606921,Female,Liza Carvell
932,rmorecombepv@ftc.gov,15825609196,Female,Rici Morecombe
933,kbassinghampw@eepurl.com,79105104976,Male,Kev Bassingham
934,abericpx@xinhuanet.com,65635818205,Male,Alessandro Beric
936,gromepz@liveinternet.ru,31251829317,Non-binary,Gaven Rome
937,fdahlborgq0@toplist.cz,98582456876,Male,Frederich Dahlborg
938,hsteinerq1@nydailynews.com,66868759678,Male,Hubey Steiner
941,mbartomieuq4@discuz.net,90026038862,Male,Mohandis Bartomieu
943,rfarlamq6@japanpost.jp,94210781088,Male,Ramsay Farlam
944,gskipseaq7@shutterfly.com,25469484141,Male,Garek Skipsea
945,lmoreinuq8@w3.org,84181088141,Female,Lane Moreinu
946,fpentonq9@scribd.com,63644686155,Male,Feodor Penton
947,jpiperqa@wufoo.com,49275138223,Female,Jeannette Piper
948,dbauqb@is.gd,69189403505,Female,Dannie Bau
949,apeacopqc@goodreads.com,51235804310,Non-binary,Antonio Peacop
950,rgalvanqd@amazonaws.com,33547653774,Female,Riki Galvan
951,mkneeshaqe@wikipedia.org,14930179346,Female,Meridith Kneesha
952,gakamqf@qq.com,93015284278,Male,Giuseppe Akam
953,zchristopherqg@zdnet.com,81820490957,Male,Zacharias Christopher
954,agillcristqh@ehow.com,95127435502,Female,Alexia Gillcrist
955,gjammeqi@google.co.jp,13593354496,Female,Gwynne Jamme
957,mludlemqk@gizmodo.com,22423823401,Female,Marylee Ludlem
958,kmarfellql@icio.us,98977597652,Female,Kessiah Marfell
959,ealbersqm@mail.ru,52794844063,Female,Edithe Albers
960,jwestonqn@nyu.edu,47121868349,Non-binary,Jerrylee Weston
962,fdraytonqp@nytimes.com,92345337018,Male,Forester Drayton
964,fgirschqr@earthlink.net,70969499382,Male,Fairlie Girsch
965,abernardtqs@webnode.com,71465084584,Male,Ab Bernardt
966,feskriggqt@apache.org,84933634451,Male,Fredrick Eskrigg
967,keayrsqu@de.vu,18709275992,Female,Kristyn Eayrs
968,rewbanksqv@tinyurl.com,24360531062,Male,Rainer Ewbanks
970,gjaimezqx@pinterest.com,50635647147,Female,Grace Jaimez
971,geirwinqy@google.com.au,21638662793,Female,Gloriane Eirwin
972,ccaberaqz@rambler.ru,88046527355,Male,Clevie Cabera
973,brocheller0@skype.com,44742709795,Female,Brana Rochelle
974,mlilianr1@fastcompany.com,97557704930,Female,Marne Lilian
975,mgoldthorper2@illinois.edu,34794148151,Female,Mara Goldthorpe
976,lgolborner3@dagondesign.com,57314671477,Male,Leon Golborne
977,greglerr4@intel.com,96102808012,Male,Gibb Regler
979,fmanklowr6@freewebs.com,30601641759,Male,Fairleigh Manklow
980,cleveringtonr7@google.cn,72300635565,Male,Caspar Leverington
981,dbowesr8@unc.edu,81739903775,Male,Dudley Bowes
983,oginnanera@twitpic.com,75984745017,Agender,Olivia Ginnane
984,twillbrahamrb@livejournal.com,81371485326,Male,Taddeusz Willbraham
986,wdartherd@cocolog-nifty.com,33545833895,Non-binary,Wyatt Darthe
987,kdilgarnore@live.com,21482163127,Female,Kristal Dilgarno
988,vclougherrf@cam.ac.uk,83346620361,Male,Vern Clougher
990,bleonardirh@webmd.com,68753925229,Female,Brunhilda Leonardi
993,rsaffenrk@comsenz.com,21049919824,Genderqueer,Rosabelle Saffen
995,kmaccallumrm@chicagotribune.com,47412882144,Male,Kenny MacCallum
996,lmacgiollapheadairrn@noaa.gov,22952076643,Female,Luce Mac Giolla Pheadair
997,dlangmuirro@yale.edu,50654709600,Female,Darcee Langmuir
999,cmaccardlerq@ameblo.jp,47098006524,Male,Consalve MacCardle
